Sensor,x1,x2,x3,alpha,beta,gatma
PLA,0,0,0,0,0,0
INS,0,0,-0.025,0.263568,-0.437974,2.869214
REC2,0.4,-0.4,-0.015,0,0,0
REC3,0.4,0.4,-0.015,0,0,0
REC4,-0.4,-0.4,-0.015,0,0,0
REC5,-0.4,0.4,-0.015,0,0,0
CAM1,0.7,-0.15,-0.08,0.196543,0.541674,-1.355847
CAM20.0000,0.7,0.15,-0.08,-0.287495,0.426588,1.128792
